{
  "CM": [
    [
      11778.916217987313,
      0.0,
      2638.118431912517
    ],
    [
      0.0,
      11643.61558071833,
      1899.9959157857497
    ],
    [
      0.0,
      0.0,
      1.0
    ]
  ],
  "E": [
    [
      0.0037053222724615018,
      -0.1023851055266451,
      -0.004186366321841009
    ],
    [
      -0.11001969487673414,
      -0.003747138450201819,
      0.3248636183787553
    ],
    [
      0.0072990341147482546,
      -0.3272968886606062,
      3.004445444752036e-05
    ]
  ],
  "F": [
    [
      -3.3606722778721254e-09,
      9.39408386353952e-08,
      -0.00012489714215502875
    ],
    [
      1.009457611042945e-07,
      3.478042340339342e-09,
      -0.0037838604178470235
    ],
    [
      -0.00026090846878596454,
      0.0032828073861317472,
      1.0
    ]
  ],
  "R": [
    [
      0.8080557220492376,
      0.005156878861621063,
      0.5890834887041835
    ],
    [
      -0.01186084697764055,
      0.9999014062957177,
      0.007516514938385583
    ],
    [
      -0.5889866470239019,
      -0.01306079202240601,
      0.8080372177933942
    ]
  ],
  "T": [
    -0.327350966145082,
    -0.004227894567288854,
    0.10245042614530009
  ],
  "dist": [
    0.0,
    0.0,
    0.0,
    0.0,
    0.0
  ]
}
