{
  "CM": [
    [
      17777.777777777777,
      0.0,
      2560.0
    ],
    [
      0.0,
      17777.777777777777,
      2048.0
    ],
    [
      0.0,
      0.0,
      1.0
    ]
  ],
  "E": [
    [
      0.0029175261585121922,
      -0.11352400026067787,
      -0.02544443774987568
    ],
    [
      -0.06664623454903516,
      -0.006933487357726404,
      0.281081602060226
    ],
    [
      -0.007655816008282478,
      -0.26666707267584006,
      0.0015976583900556354
    ]
  ],
  "F": [
    [
      5.484283048582941e-09,
      -2.1339920069627e-07,
      -0.0004273045748596464
    ],
    [
      -1.2527970428739818e-07,
      -1.3033373179054612e-08,
      0.009740639241673777
    ],
    [
      -1.3310239024852809e-05,
      -0.008338529452942178,
      1.0
    ]
  ],
  "R": [
    [
      0.7986355100472928,
      0.0,
      -0.6018150231520483
    ],
    [
      0.0,
      1.0,
      0.0
    ],
    [
      0.6018150231520483,
      0.0,
      0.7986355100472928
    ]
  ],
  "T": [
    0.3907093459449541,
    0.0,
    0.13072951843889796
  ],
  "dist": [
    0.0,
    0.0,
    0.0,
    0.0,
    0.0
  ]
}
