{
  "CM": [
    [
      20419.389662588383,
      0.0,
      2676.8519599060514
    ],
    [
      0.0,
      20496.249852522906,
      1870.577270261187
    ],
    [
      0.0,
      0.0,
      1.0
    ]
  ],
  "E": [
    [
      3.025939405642603,
      -71.19514112815622,
      -7.303294791574415
    ],
    [
      -116.71197453803265,
      -6.943718616811088,
      -276.6418408999308
    ],
    [
      -24.52744415102402,
      290.8199626551538,
      1.1401356183271842
    ]
  ],
  "F": [
    [
      4.111785174358274e-09,
      -9.638043781737817e-08,
      -3.336266359815283e-05
    ],
    [
      -1.5799886096521313e-07,
      -9.36481070609385e-09,
      -0.007206684971656544
    ],
    [
      -0.0003960157158576135,
      0.00831457822085515,
      1.0
    ]
  ],
  "R": [
    [
      0.7971567328680829,
      0.09504438734633791,
      -0.5962446709841888
    ],
    [
      -0.10430951961969959,
      0.9943624494379497,
      0.019048445198189615
    ],
    [
      0.5946937593079246,
      0.047009398865760985,
      0.8025767558673054
    ]
  ],
  "T": [
    [
      291.7606141389683
    ],
    [
      -7.4087881469824355
    ],
    [
      71.24852561667836
    ]
  ],
  "dist": [
    [
      1.898958723896542,
      -282.25977956373987,
      -0.005246363360552737,
      -0.0025121615992632755,
      11987.913433085288
    ]
  ]
}
