{
  "CM": [
    [
      17777.777777777777,
      0.0,
      2560.0
    ],
    [
      0.0,
      17777.777777777777,
      2048.0
    ],
    [
      0.0,
      0.0,
      1.0
    ]
  ],
  "E": [
    [
      2.500740481516185,
      -57.12534400013016,
      -6.562121958070286
    ],
    [
      -97.30628137144438,
      -5.942992260076367,
      -228.57176855600497
    ],
    [
      -21.809522057546538,
      240.9270774903455,
      1.369421378440411
    ]
  ],
  "F": [
    [
      5.484291546176068e-09,
      -1.2527970954521692e-07,
      -1.3310024457237333e-05
    ],
    [
      -2.1339919926104827e-07,
      -1.3033380493431131e-08,
      -0.008338529487081003
    ],
    [
      -0.0004273047891506392,
      0.009740639258251383,
      1.0
    ]
  ],
  "R": [
    [
      0.798697814852251,
      0.1030650264165214,
      -0.5928401140948553
    ],
    [
      -0.11198546412911867,
      0.9934697462448099,
      0.021843056564019865
    ],
    [
      0.5912199729153483,
      0.04894347378389525,
      0.805023900266284
    ]
  ],
  "T": [
    [
      241.82602433651505
    ],
    [
      -6.60009006942482
    ],
    [
      57.17568439255597
    ]
  ],
  "dist": [
    3.72e-08,
    0.0,
    0.0,
    0.0,
    0.0
  ]
}
