{
  "CM": [
    [
      17777.777777777777,
      0.0,
      2560.0
    ],
    [
      0.0,
      17777.777777777777,
      2048.0
    ],
    [
      0.0,
      0.0,
      1.0
    ]
  ],
  "E": [
    [
      0.0029175259401436914,
      -0.06664623505578676,
      -0.007655816668235086
    ],
    [
      -0.11352399649994166,
      -0.0069334867286127665,
      -0.26666707127626094
    ],
    [
      -0.02544443719174597,
      0.2810815991488465,
      0.0015976583620259178
    ]
  ],
  "F": [
    [
      5.484281925877585e-09,
      -1.25279688970388e-07,
      -1.3310256348990771e-05
    ],
    [
      -2.133991659136222e-07,
      -1.303337030387134e-08,
      -0.008338528343797884
    ],
    [
      -0.0004273045141427383,
      0.0097406378794186,
      0.9999999999999999
    ]
  ],
  "R": [
    [
      0.7986978215157214,
      0.10306503810248874,
      -0.5928401030859614
    ],
    [
      -0.11198546571649251,
      0.9934697457031586,
      0.02184307306130758
    ],
    [
      0.5912199636127835,
      0.048943460170219714,
      0.8050239079258857
    ]
  ],
  "T": [
    [
      0.2821303606033325
    ],
    [
      -0.0077001131139695644
    ],
    [
      0.06670496612787247
    ]
  ],
  "dist": [
    0.0,
    0.0,
    0.0,
    0.0,
    0.0
  ]
}
